Name,Units,Definition,Source,Associated variable,Commentary,Link to CLIMDEX,CLIMDEX relation,Linked indicators,Linked indicator relation,Sector,,Source,Link to source
Average temperature,°C change from 1981-2010 mean,Seasonal average temperature,UK CRI,tas,"Like TMm, but for seasonal instead of daily mean temperatures",TMm,relatedTo,Mean temperature,relatedTo,,,UK CRI,https://uk-cri.org/
Minimum temperature,°C change from 1981-2010 mean,Seasonal average minimum temperature,UK CRI,tmin,"Like TNm, but for seasonal instead of daily min temperatures",TNm,relatedTo,Minimum temperature (climateADAPT),relatedTo,"Human health, Agriculture and Food Security, Biodiversity",,Climate ADAPT,https://climate-adapt.eea.europa.eu/en/knowledge/european-climate-data-explorer/overview-list
Maximum temperature,°C change from 1981-2010 mean,Seasonal average maximum temperature,UK CRI,tmax,"Like TXm, but for seasonal instead of daily max temperatures",TXm,relatedTo,Maximum temperature (climateADAPT),relatedTo,"Human health, Agriculture and Food Security, Biodiversity",,Copernicus CCS,https://surfobs.climate.copernicus.eu/userguidance/indicesdictionary.php
Rainfall,% change from 1981-2010 mean,Seasonal total rainfall,UK CRI,pr/prra,"If using pr, requires aux data like temperature to control for solid phase",,,Total precipitation,relatedTo,,,,https://www.ecad.eu/documents/atbd.pdf
Record-breaking weather (hottest day),Days/year,Number of days per year at least as hot as the hottest day (Tmax) between 1981 and 2010,UK CRI,tasmax,In relation to max(TXx over 1981-2010),TXx,derivedFrom,,,"Human health, Disaster Risk Reduction, Energy, Agriculture and Food Security, Forestry/GHG",,,
Record-breaking weather (hottest month),Months/year,Number of months per year at least as hot as the hottest month (Tmax) between 1981 and 2010,UK CRI,tasmax,,,,,,"Human health, Disaster Risk Reduction, Energy, Agriculture and Food Security, Forestry/GHG",,,
Record-breaking weather (wettest month),Months/year,Number of months per year at least as wet as the wettest month between 1981 and 2010,UK CRI,pr,,,,,,"Disaster Risk Reduction, Agriculture and Food Security, Forestry/GHG",,,
Met Office heatwave,Events/year; duration (days); % chance,Occurrence of heatwave following Met Office definition: heatwave threshold is met when a location records a period of at least three consecutive days with daily maximum temperatures meeting or exceeding the heatwave temperature threshold [set between 25 (most of the country) and 28 (London and certain surrounding counties)]. Definitions valid only for the UK.,UK CRI,tasmax,,,,Climatological Heatwave Days,relatedTo,"Human health, Agriculture and Food Security, Transport, Energy, Forestry/GHG, Disaster Risk Reduction",,,
Amber heat-health alert,Events/year; duration (days); % chance,"Occurrence of a public health heat-health alert: potential warning if medium heat-health alert thresholds reached for maximum daytime temperature (32.0°C to 39.9°C for London, 30.0°C to 37.0°C for other areas) and night-time temperature (95th percentile or higher of summer ""nights""). Definitions valid only for the UK.",UK CRI,"tasmax, tasmin",,,,,,"Human health, Disaster Risk Reduction",,,
Cold weather alert,Events/year; duration (days); % chance,Occurrence of a public health cold weather alert: potential warning if daily mean temperature below 2.0°C for 5 days AND below 0.0°C for 48hrs or more. Definitions valid only for the UK.,UK CRI,tas,,,,,,"Human health, Energy, Disaster Risk Reduction",,,
Very hot days,Events/year; % chance,Days with maximum temperature above 35°C,UK CRI,tasmax,,TXge35,identicalTo,,,"Health, Disaster Risk Reduction, Agriculture and Food Security, Forestry/GHG, Energy",,,
Tropical nights,Events/year; % chance,Days with minimum temperature above 20°C,UK CRI,tasmin,,TR,identicalTo,,,"Health, Disaster Risk Reduction, Agriculture and Food Security, Forestry/GHG",,,
Heat stress,Events/year; % chance,Days with shade Wet Bulb Globe Temperature (WBGT) above 25,UK CRI,"tas, sfcWind, huss, rss, psl (air temperature at surface, surface wind, specific humidity, net surface shortwave flux, surface pressure at sea level)",This paper describes similar derivation of WBGT for climate projections: https://doi.org/10.1007/s00484-024-02776-5,,,,,"Human health, Disaster Risk Reduction",,,
Heating degree days,°C-days,Average annual heating degree days: relative to 15.5°C and 18°C,UK CRI,tas,,HDDheatn,relatedTo,,,"Energy, Human health",,,
Cooling degree days,°C-days,Average annual cooling degree days: relative to 18°C and 22°C,UK CRI,tas,,CDDcoldn,relatedTo,,,"Energy, Human health",,,
Road melt risk,Days/year,Days with Tmax above 25°C,UK CRI,tasmax,,SU,identicalTo,,,Transport,,,
Road accident risk,Days/year,Days with Tmin below 0°C,UK CRI,tasmin,,FD,identicalTo,,,Transport,,,
Rail: high temperatures,Days/year,"Days with Tmax above thresholds (>21, 24, 26, 30°C)",UK CRI,tasmax,,,,,,Transport,,,
Rail: bad weather days,Days/year,"Days with temperature, rainfall and/or windspeed beyond thresholds (not defined)",UK CRI,"tasmax, tasmin, pr, sfcWind",,,,,,Transport,,,
Start of crop growing season,Day of year (1 = January 1st),First day of first five-day period with average temperature above 5.6°C,UK CRI,tas,,,,,,Agriculture and Food Security,,,
Growing season length,Days,Length between start and end of growing season,UK CRI,tas,,GSL,identicalTo,,,Agriculture and Food Security,,,
Growing degree days,°C-days,Accumulated degree-days relative to 5.6°C,UK CRI,tas,,GDDgrown,relatedTo,,,Agriculture and Food Security,,,
Crop growth duration,Days,Time to accumulate the 1981-2010 average growing degree days,UK CRI,tas,,,,Growing degree days,derivedFrom,Agriculture and Food Security,,,
Start of field operations (Tsum200),Day of year (1 = January 1st),Day when accumulated temperatures above 0°C reach 200°C,UK CRI,tas,,,,,,Agriculture and Food Security,,,
Accumulated frost,°C-days,Sum of minimum temperatures below 0°C,UK CRI,tasmin,,,,,,Agriculture and Food Security,,,
Frost days,Days/year,Days with Tmin below 0°C,UK CRI,tasmin,,FD,identicalTo,,,"Agriculture and Food Security, Health, Cryosphere, Forestry/GHG, Disaster Risk Reduction",,,
Dairy cattle heat stress,Days/year,Days with a Temperature Humidity Index above 70.,UK CRI,"tas, hurs",,,,,,Agriculture and Food Security,,,
Wheat heat stress,Days/year; % chance,Days between 1 May and 15 June with maximum temperature above 32°C,UK CRI,tasmax,,,,,,Agriculture and Food Security,,,
Potential Soil Moisture Deficit,mm,Average annual maximum cumulative difference between rainfall and potential evaporation,UK CRI,"pr, evspsblpot (potential evaporation/CF: water_potential_evaporation_flux). Potential evaporation can be calculated using huss, rls, rss, sfcWind, tas, psl, pr",Based on Hannaford et al. (2023): https://doi.org/10.5194/essd-15-2391-2023,,,,,"Agriculture and Food Security, Water Resources",,,
Days above field capacity,Days/year,Number of days with soil moisture at or above field capacity,UK CRI,"mrso (mass_content_of_water_in_soil), mrsofc (soil_moisture_content_at_field_capacity) or calculate using land surface model: pr, tas, huss, rls, rss, sfcWind, psl",Calculated using hydrological model,,,,,"Agriculture and Food Security, Water Resources",,,
SPI drought,Proportion of time,Number of months with a Standardised Precipitation Index (calculated from 3-month accumulated rainfall) less than -1.5.,UK CRI,pr,,SPI,derivedFrom,,,"Agriculture and Food Security, Water Resources",,,
SPEI drought,Proportion of time,Number of months with a Standardised Precipitation Evaporation Index (calculated from 6-month accumulated rainfall minus potential evaporation) less than -1.5.,UK CRI,"pr, evspsblpot",,SPEI,derivedFrom,,,"Agriculture and Food Security, Water Resources",,,
Met Office Fire Danger,Days/year; % chance greater than the current mean,"Days with the MOFSI index above specific thresholds: >17.35 for very high, >52.538 for exception. Definitions valid only for the UK.",UK CRI,"tas, hurs, sfcWind, pr, evspsblpot",Calculation based on Canadian Forest Fire Weather Index and described in detail in: Arnell et al. (2021) https://doi.org/10.1088/1748-9326/abd9f2,,,High Fire Danger Days,relatedTo,"Disaster Risk Reduction, Forestry/GHG",,,
Wildfire: Daily Hazard Assessment,Days/year; % chance greater than the current mean,"Days with MOFSI components above specific thresholds. Components are FFMC (Fine Fuel Moisture Code), ISI (Initial Spread Index), DMC (Duff Moisture Code), DC (Drought Code) and FWI (Fire Weather Index). Thresholds are season-specific and available for FFMC, ISI, and FWI. Relates to amber and red warning conditions. An ‘amber’ warning level means that severe wildfire conditions are forecast with a likelihood of difficult-to-control wildfires. The ‘red’ level means extreme wildfire conditions are forecast, and occurs when the amber thresholds are passed and other weather conditions are conducive to fire (persistent high temperatures, low humidity and high windspeeds).",UK CRI,"tas, hurs, sfcWind, pr, evspsblpot",Described in detail in Arnell et al. (2021) https://doi.org/10.1088/1748-9326/abd9f3,,,Met Office Fire Danger; Wildfire: FFMC 99th percentile; Fire Weather Index,relatedTo,"Disaster Risk Reduction, Forestry/GHG",,,
Wildfire: FFMC 99th percentile,Days/year,"Days with Fine Fuel Moisture Code component of MOFSI above the 99th percentile over the period 1981-2010, calculated by season. FFMC index represents the availability of dry ‘tinder’ material in and around the vegetation susceptible to ignition.",UK CRI,"tas, hurs, sfcWind, pr",Described in detail in Arnell et al. (2021) https://doi.org/10.1088/1748-9326/abd9f4,,,Met Office Fire Danger; Wildfire: Daily Hazard Assessment; Fire Weather Index,relatedTo,Forestry/GHG,,,
River runoff,% change from 1981-2010 mean,Annual and seasonal river runoff,UK CRI,"pr, evspsblpot / huss, rls, rss, sfcWind, tas, psl, pr",Calculated using hydrological model,,,,,"Disaster Risk Reduction, Transport",,,
River flood (2-year return period),% change from 1981-2010 mean,Magnitude of the 2-year flood,UK CRI,"pr, evspsblpot / huss, rls, rss, sfcWind, tas, psl, pr",Calculated using hydrological model,,,River flood (ClimateADAPT),identicalTo,"Disaster Risk Reduction, Transport",,,
River flood (5-year return period),% change from 1981-2010 mean,Magnitude of the 5-year flood,UK CRI,"pr, evspsblpot / huss, rls, rss, sfcWind, tas, psl, pr",Calculated using hydrological model,,,River flood (ClimateADAPT),identicalTo,"Disaster Risk Reduction, Transport",,,
River flood (10-year return period),% change from 1981-2010 mean,Magnitude of the 10-year flood,UK CRI,"pr, evspsblpot / huss, rls, rss, sfcWind, tas, psl, pr",Calculated using hydrological model,,,River flood (ClimateADAPT),identicalTo,"Disaster Risk Reduction, Transport",,,
River flood (likelihood of current 10-year event),% chance of occurring,Likelihood of the 10-year flood,UK CRI,"pr, evspsblpot / huss, rls, rss, sfcWind, tas, psl, pr",Calculated using hydrological model,,,River flood; River flood (10-year return period),relatedTo,"Disaster Risk Reduction, Transport",,,
Low flows (2-year return period),% change from 1981-2010 mean,Change in the 2-year lowest 7-day average river flow,UK CRI,"pr, evspsblpot / huss, rls, rss, sfcWind, tas, psl, pr",Calculated using hydrological model,,,,,"Water Resources, Energy",,,
Low flows (10-year return period),% change from 1981-2010 mean,Change in the 10-year lowest 7-day average river flow,UK CRI,"pr, evspsblpot / huss, rls, rss, sfcWind, tas, psl, pr",Calculated using hydrological model,,,,,"Water Resources, Energy",,,
Low flows (likelihood of current 10-year event),% chance of occurring,Likelihood of 20-year low river flows,UK CRI,"pr, evspsblpot / huss, rls, rss, sfcWind, tas, psl, pr",Calculated using hydrological model,,,,,"Water Resources, Energy",,,
12-month river drought (extreme),Proportion of time,Number of months with a Standardised Streamflow Index (calculated from 12-month accumulated river flow) less than -1.5.,UK CRI,"pr, evspsblpot / huss, rls, rss, sfcWind, tas, psl, pr",Calculated using hydrological model,,,,,"Water Resources, Energy",,,
12-month river drought (severe),Proportion of time,Number of months with a Standardised Streamflow Index (calculated from 12-month accumulated river flow) less than-2.0.,UK CRI,"pr, evspsblpot / huss, rls, rss, sfcWind, tas, psl, pr",Calculated using hydrological model,,,,,"Water Resources, Energy",,,
24-month river drought (extreme),Proportion of time,Number of months with a Standardised Streamflow Index (calculated from 24-month accumulated river flow) less than -1.5.,UK CRI,"pr, evspsblpot / huss, rls, rss, sfcWind, tas, psl, pr",Calculated using hydrological model,,,,,"Water Resources, Energy",,,
24-month river drought (severe),Proportion of time,Number of months with a Standardised Streamflow Index (calculated from 24-month accumulated river flow) less than -2.0.,UK CRI,"pr, evspsblpot / huss, rls, rss, sfcWind, tas, psl, pr",Calculated using hydrological model,,,,,"Water Resources, Energy",,,
Soil moisture,% change from 1981-2010 mean,Average seasonal soil moisture content,UK CRI,"mrso (Mass Content Of Water In Soil) or calculate using land surface model: pr, tas, huss, rls, rss, sfcWind, psl",Can be calculated by land surface model like in Szczykulska et al. (2024) https://doi.org/10.1088/1748-9326/ad7045,,,Soil moisture,identicalTo,"Forestry/GHG, Water Resources, Agriculture",,,
Warmest Three-Day Period,°C; °C change from 1991-2010 mean,"The highest daily mean temperature averaged over a three-day window over a period (°C). In weather and climate models temperature is the variable simulating atmospheric air temperature at 2m above the surface. This Index is usually presented as annual, seasonal or monthly values over a reference period.",Climate ADAPT,tasmax,,,,,,"Human health, Agriculture and Food Security",,,
Apparent Temperature Heatwave Days,days/year (abs and change),"The Apparent Temperature Heatwave Days Index (Number of Days) is defined as a period of at least two consecutive days during the summer months (June, July, August) in which both the daily apparent temperature and the daily minimum temperature exceed their monthly 90th percentiles defined over a reference period. Apparent temperature is a linear function of temperature and dew point temperature to account for humidity conditions.",Climate ADAPT,"tas, tasmin, hurs",,,,,,Human health,,,
Climatological Heatwave Days,days/year (abs and change),The count of days under climatological heatwaves conditions (Number of days). A climatological heatwave is a period of at least three consecutive days exceeding the 99th percentile of the daily maximum temperatures of the May to September season during a reference period.,Climate ADAPT,tasmax,,,,Met Office heatwave,relatedTo,"Health, Agriculture and Food Security, Transport, Energy, Forestry/GHG, Disaster Risk Reduction",,,
High UTCI Days,days/year,"The UTCI is an equivalent temperature (°C) and is a measure of the human physiological response to meteorological conditions that also takes into consideration the clothing adaptation of the population in response to outdoor temperature. It is based on four surface variables: air temperature, relative humidity, wind speed and mean radiant temperature. UTCI values are divided in 5 classes of heat stress: no thermal stress (9°C-26°C), moderate heat stress (26°C-32°C), strong heat stress (32°C-38°C), very strong heat stress (38C°-46C°), and extreme heat stress (>46°C). The index refers to the number of days in the category of strong heat stress or stronger (>32°C).",Climate ADAPT,"tas, sfcWind, hurs, rss, rls",,,,,,Human health,,,
Total Precipitation,mm/period; % change from 1991-2020 mean,"The cumulated precipitation over a period (mm/period). In weather and climate models total precipitation is the flux of water equivalent (rain or snow) reaching the land surface (expressed as kg⋅m⁻²⋅sec⁻² and converted to mm/day). This Index is usually presented as annual, seasonal or monthly cumulated values over the considered period.",Climate ADAPT,pr,,,,Total precipitation,relatedTo,,,,
Mean Temperature,°C; °C change from 1991-2010 mean,"The mean of 2m temperature (°C) values during a given period. In weather and climate models temperature is the variable simulating atmospheric air temperature at 2m above the surface. This Index is usually presented as annual, seasonal or monthly values over a reference period.",Climate ADAPT,tas,"Like TMm, but for monthly, seasonal, annual instead of daily mean temperatures",TMm,relatedTo,Average temperature,relatedTo,,,,
Maximum temperature,°C; °C change from 1991-2010 mean,"The maximum value of daily maximum temperature over a period (°C). In weather and climate models temperature is the variable simulating atmospheric air temperature at 2m above the surface. This Index is usually presented as annual, seasonal or monthly values over a reference period.",Climate ADAPT,tasmax,"Like TXm, but for monthly, seasonal, annual instead of daily max temperatures",TXm,relatedTo,Maximum temperature (CRI),relatedTo,"Human health, Agriculture and Food Security, Biodiversity",,,
Minimum temperature,°C; °C change from 1991-2010 mean,"The minimum value of daily minimum temperature over a period (°C). In weather and climate models temperature is the variable simulating atmospheric air temperature at 2m above the surface. This Index is usually presented as annual, seasonal or monthly values over a reference period.",Climate ADAPT,tasmin,"Like TNm, but for monthly, seasonal, annual instead of daily min temperatures",TNm,relatedTo,Minimum temperature (CRI),relatedTo,"Human health, Agriculture and Food Security, Biodiversity",,,
Maximum Consecutive Five-Day Precipitation,mm; mm change,"Maximum five days cumulated precipitation (mm). In weather and climate models total precipitation is the flux of water equivalent (rain or snow) reaching the land surface (expressed as kg.m-2.sec-2 and converted to mm/day). Precipitation is usually presented as annual, seasonal or monthly cumulated values over the considered period but extremes are cumulated on shorter periods (eg daily, 3-Day, or 5-days maximums).",Climate ADAPT,pr,,Rx5day,identicalTo,,,"Water Resources, Agriculture and Food Security, Transport",,,
Extreme Precipitation Total,mm; mm change,"The total sum in a year of daily precipitation values exceeding the 95th percentile of the reference period (mm). In weather and climate models total precipitation is the flux of water equivalent (rain or snow) reaching the land surface (expressed as kg.m-2.sec-2 and converted to mm/day). Precipitation is usually presented as annual, seasonal or monthly cumulated values over the considered period but extremes are cumulated on shorter periods (eg daily, 3-Days, or 5-Days maximums).",Climate ADAPT,pr,,R95p,identicalTo,,,"Water Resources, Agriculture and Food Security, Transport",,,
Extreme Precipitation Days,days (abs and change),"The count of days in a year with daily precipitation exceeding the 95th percentile threshold of rainy days over a reference period, here the 1981-2010 period (day). In weather and climate models total precipitation is the flux of water equivalent (rain or snow) reaching the land surface (expressed as kg.m-2.sec-2 and converted to mm day-1). This Index is usually presented as annual, seasonal or monthly cumulated values over the considered period.",Climate ADAPT,pr,,,,Extreme Precipitation Total,relatedTo,"Water Resources, Agriculture and Food Security, Transport",,,
Consecutive Dry Days,days (abs and change),"The longest period of consecutive days with daily precipitation below 1 mm in a year (day). In weather and climate models temperature is the variable simulating atmospheric air temperature at 2m above the surface. This Index is usually presented as annual, seasonal or monthly values over a reference period.",Climate ADAPT,pr,,CDD,identicalTo,,,"Agriculture and Food Security, Water Resources, Forestry/GHG",,,
Meteorological Drought Duration,months (abs and change),"The count of months in a year with anomalously low precipitation conditions based on the 3-month Standardised Precipitation Index (SPI-3) relative to a reference period, here 1981-2010 (month). A drought event starts when SPI-3 values fall below -1 for at least two consecutive months and ends when the index returns positive.",Climate ADAPT,pr,,SPI,derivedFrom,,,"Agriculture and Food Security, Water Resources, Forestry/GHG",,,
Meteorological Drought Magnitude,dimensionless,"The cumulative severity of drought events in a year based on the 3-month Standardised Precipitation Index (SPI-3) relative to a reference period, here 1981-2010 (dimensionless). A drought event starts when SPI-3 values fall below -1 for at least two consecutive months and ends when the index returns positive. The magnitude of the event is defined as the sum of SPI-3 absolute values in the months of the drought episode.",Climate ADAPT,pr,,SPI,identicalTo,,,"Agriculture and Food Security, Water Resources, Forestry/GHG",,,
River discharge,m³⋅s⁻¹ (abs and change),The River Discharge index is defined as the annual mean daily river discharge (m³⋅s⁻¹).,Climate ADAPT,"pr, tas + sfcWind, rss, rls, psl, huss","Output of a hydrological model; climate model variables used to drive the model are mentioned here: https://confluence.ecmwf.int/pages/viewpage.action?pageId=283549812#Hydrologyrelatedclimateimpactindicatorsfrom1970to2100derivedfrombiasadjustedEuropeanclimateprojections:ProductUserGuide,SpecificationandWorkflow-3.4InputdataInputdata",,,,,"Disaster Risk Reduction, Transport",,,
River Flood,m³⋅s⁻¹ (abs and change),"The River Flood index is the 50-year (also 10-, 5- and 2-year) flood recurrence value based on maximum river discharge. It is estimated from annual daily maximum river discharge using a Gumbel distribution.",Climate ADAPT,"pr, tas + sfcWind, rss, rls, psl, huss","Output of a hydrological model; climate model variables used to drive the model are mentioned here: https://confluence.ecmwf.int/pages/viewpage.action?pageId=283549812#Hydrologyrelatedclimateimpactindicatorsfrom1970to2100derivedfrombiasadjustedEuropeanclimateprojections:ProductUserGuide,SpecificationandWorkflow-3.4InputdataInputdata",,,River flood (UK CRI),relatedTo,"Disaster Risk Reduction, Transport",,,
Aridity Actual,dimensionless,"The ratio between mean annual actual evapotranspiration and mean annual precipitation, generally calculated over a reference period of 30 years. Actual evapotranspiration is estimated using hydrological models and, in contrast to potential evapotranspiration, accounts for the limited water content actually available in the soil when estimating the evapotranspiration demand.",Climate ADAPT,"pr, evspsbl / pr, tas + sfcWind, huss, psl, rss, rsl","Output of a hydrological model; climate model variables used to drive the model are mentioned here: https://confluence.ecmwf.int/pages/viewpage.action?pageId=283549812#Hydrologyrelatedclimateimpactindicatorsfrom1970to2100derivedfrombiasadjustedEuropeanclimateprojections:ProductUserGuide,SpecificationandWorkflow-3.4InputdataInputdata",,,,,"Agriculture and Food Security, Water Resources, Forestry/GHG, Biodiversity/ Ecosystems",,,
Mean Soil Moisture,dimensionless,The soil moisture is defined as the monthly mean values of soil moisture in the root zone as the fraction of the field capacity volume over a 30 year period.,Climate ADAPT,"rzwc (Mass Content Of Water In Soil Layer Defined By Root Depth), mrsofc / pr, tas + sfcWind, rss, rls, psl, huss","Output of a hydrological model; climate model variables used to drive the model are mentioned here: https://confluence.ecmwf.int/pages/viewpage.action?pageId=283549812#Hydrologyrelatedclimateimpactindicatorsfrom1970to2100derivedfrombiasadjustedEuropeanclimateprojections:ProductUserGuide,SpecificationandWorkflow-3.4InputdataInputdata",,,Mean soil moisture,identicalTo,"Forestry/GHG, Water Resources, Agriculture",,,
High Fire Danger Days,days (abs and change),"The count of days in a period with a FWI value greater than 30 (Number of days) based upon the European Forest Fire Information System (EFFIS) classification. The Fire Weather Index (FWI) is a meteorologically based index used worldwide to estimate fire danger. It is developed by the Canadian Forestry Service to estimate forest fire ignition and spread conditions based on several weather variables (temperature, precipitation, relative humidity, and wind speed).",Climate ADAPT,"tas, pr, hurs, sfcWind",,,,Fire Weather Index,derivedFrom,"Forestry/GHG, secondary: Transport, Energy",,,
Fire Weather Index,dimensionless,"The Fire Weather Index (FWI) is a meteorologically based index used worldwide to estimate fire danger. It is developed by the Canadian Forestry Service to estimate forest fire ignition and spread conditions based on several weather variables (temperature, precipitation, relative humidity, and wind speed).",Climate ADAPT,"tas, pr, hurs, sfcWind",,,,"Met Office Fire Danger, Wildfire: Daily Hazard Assessment; Wildfire: FFMC 99th percentile",relatedTo,"Forestry/GHG, Disaster Risk Reduction",,,
Mean Wind Speed,m s-1 (abs and change),The mean daily 10m wind speed over a period (m s-1).,Climate ADAPT,sfcWind,,,,,,"Energy, Disaster Risk Reduction",,,
Extreme Wind Days,days (abs and change),"The count of days in a year with daily 10m wind speed exceeding the 98th percentile threshold over a reference period, here the 1981-2010 period (days).",Climate ADAPT,sfcWind,,,,,,"Energy, Transport, Forestry/GHG, Disaster Risk Reduction",,,
Snowfall Amount,mm; mm change,The Snowfall Amount index (mm) corresponds to the cumulative value of snowfall precipitation over the winter season from November to April.,Climate ADAPT,prsn,,,,,,"Water Resources, Tourism, Cryosphere",,,
High Snow Days,days (abs and change),The High Snow Days index (days) counts the number of days where the water equivalent of natural snow is above a given threshold (here 120 kg m-2) from august to july of the following year.,Climate ADAPT,prsn,,,,,,"Water Resources, Tourism, Cryosphere",,,
Relative Sea Level Rise,cm (abs and change from 1986-2005),The Relative Sea Level Rise index (cm) is the annual mean sea level height relative to the 1986-2005 period.,Climate ADAPT,"change_in_mean_sea_level_wrt_solid_surface, sea_surface_height_above_geoid, sea_surface_height_above_geopotential_datum, sea_surface_height_above_mean_sea_level, sea_surface_height_above_reference_ellipsoid",Output of Global Tide and Surge Model (2D hydrodynamic model),,,,,Coasts,,,
Extreme Sea Level,m (abs and change from 1951-1980),The Extreme Sea Level index (m) is the Total water level value for a return period of 100 years caused by tidal and surge levels as well as their interactions but without including sea level rise.,Climate ADAPT,"change_in_mean_sea_level_wrt_solid_surface, tidal_sea_surface_height_above_lowest_astronomical_tide, tidal_sea_surface_height_above_mean_higher_high_water, tidal_sea_surface_height_above_mean_lower_low_water, tidal_sea_surface_height_above_mean_low_water_springs, tidal_sea_surface_height_above_mean_sea_level, sea_surface_height_above_geoid, sea_surface_height_above_geopotential_datum, sea_surface_height_above_mean_sea_level, sea_surface_height_above_reference_ellipsoid, non_tidal_elevation_of_sea_surface_height","Output of Global Tide and Surge Model (2D hydrodynamic model); Return period of total water level (TWL), which includes annual sea level change, tides, storm surge",,,,,"Coasts, Disaster Risk Reduction",,,
Sea Surface Temperature,"°C, °C change from 1981-2010",The Sea Surface Temperature index represents the mean sea surface temperature over different timescales (°C).,Climate ADAPT,tos,,,,,,"Fisheries, Marine Ecosystems",,,
Marine Heatwaves Days index (MHD),days (abs and change),The Marine Heatwaves Days index (MHD) is defined as the count of days under marine heatwaves conditions (days). A Marine Heatwave day is a day exceeding the daily climatological 90th percentile of SST during the May to September season and a reference period.,Climate ADAPT,tos,,,,,,"Fisheries, Marine Ecosystems",,,
Dissolved Oxygen Level,mol / m³,"The Dissolved Oxygen Level index (mol / m³) is the concentration of dissolved oxygen at a certain depth. Oxygen concentrations above 190 mmol m³ are considered to be sufficient to support healthy marine communities with minimal problems, while oxygen concentrations below 62.5 mmol m³ are considered to be a source of serious concern.",Climate ADAPT,"o2 + (sometimes: zo2min, fgo2, dpo2)","Output of ecosystem model: might require solar radiation and ocean absorption, wind, partial CO2 in air, nutrients and inflow of freshwater into ocean and other parameters to run",,,,,"Fisheries, Marine Ecosystems",,,
Ocean pH level,pH,"The Ocean pH Level index (dimensionless) is the seawater pH at a certain depth. pH is a measure of the concentration of hydrogen ions in a solution. The more hydrogen ions that are present, the more acidic is the solution. The pH scale ranges from zero (very acidic) to 14 (very basic). The scale is logarithmic, meaning a single unit corresponds to a ten-fold difference. A pH of 7 is neutral, a pH less than 7 is acidic, and a pH greater than 7 is basic.",Climate ADAPT,"ph + (sometimes evaluated: spco2, spco2abio, spco2nat, dpco2, dpco2abio, dpco2nat, talk, talknat, dissic, dissicabio, dissicnat)",Output of ecosystem model,,,,,"Fisheries, Marine Ecosystems",,,
Tiger Mosquito Climatic Suitability,dimensionless,"The Climatic Suitability index of Tiger mosquito (Aedes albopictus) presence (Dimensionless, from 0 to 100). The Tiger Mosquito Climatic Suitability index is relevant to human health. The tiger mosquito is an invasive species from south-east Asia favoured by a warmer climate and represents a serious threat as it transmits vector-borne diseases such as dengue and chikungunya. Environmental factors, among which weather conditions, affect both the potential presence and seasonal activity of the tiger mosquito. The Tiger mosquito's climatic suitability is determined by summer temperatures, January temperatures and annual rainfall. The suitability is null for summer temperatures lower than 15°C or higher than 30°C, with a maximum between 20°C and 25°C. It is null for January temperatures lower than - 1°C and annual rainfall lower than 450 mm, and maximal for January temperatures above 3°C and annual rainfall above 800 mm.",Climate ADAPT,"tas, tasmax, tasmin, pr",,,,,,Human health,,,
Tiger Mosquito Climatic Season Length,days (abs and change),The season length of the climatic suitability of tiger mosquito presence (Days). The Tiger mosquito's climatic suitability seasonal presence is determined by temperature thresholds and hours of sunlight (photoperiod) during spring (when egg hatching occurs) and autumn (a period of suspended development or diapause). In spring the temperature should be above 10.5°C and the photoperiod above 11.25 hours and in autumn the temperature should be below 9.5°C and the photoperiod below 13.5 hours. The latter is conditioned by the ability of the mosquito to survive the winter combined with a threshold on annual rainfall. Survival conditions are considered as unsuitable for January temperatures below 0°C and annual rainfall below 500 mm.,Climate ADAPT,"tas, tasmax, tasmin, pr",,,,,,Human health,,,
Consecutive Summer Days (CSD),days,Let TX_ij be the daily maximum temperature at day i of period j. Then counted is the largest number of consecutive days where daily maximum temperature exceeds 25 degrees Celsius (TX_ij > 25).,Copernicus CCS,tasmax,,SU,relatedTo,,,"Human health, disaster risk reduction",,,
Consecutive Frost Days (CFD),days,Let TX_ij be the daily maximum temperature at day i of period j. Then counted is the largest number of consecutive days where daily maximum temperature is less than 0 degrees Celsius (TX_ij < 0).,Copernicus CCS,tasmax,,FD,relatedTo,,,"Human health, disaster risk reduction, agriculture and food security, forestry/GHG, transport and energy",,,
Potential Evapotranspiration (PET: Penman-Monteith),mm/day,"PET is an index which gives the FAO-endorsed potential evapotranspiration as calculated by the Penman-Monteith parametrization. Here reference crop evapotranspiration is a measure for potential evapotranspiration. Reference crop evaporation is defined as the rate of evaporation from an idealized grass reference crop with a fixed crop height of 0.12 m, an albedo of 0.23, and a surface resistance of 70 s m−1 . In terms of of its evaporation rate, such a crop closely resembles the reference crop of an extensive surface of short green grass cover of uniform height, actively growing, completely shading the ground, and not short of water.",Copernicus CCS,"tas, hurs, psl, rss, rls, sfcWind",,,,,,"Agriculture and food security, water resources, forestry/GHG",,,
Potential Evapotranspiration (PET: Makkink),mm/day,This formulation of Reference Evapotranspiration is a simplification of the more comprehensive Penman-Monteith parameterization and recognizes that evapotranspiration is determined primarily by the radiation and the ambient air temperature. A further simplification is that Global Radiation is used rather than the net radiation which is used in more comprehensive formulas.,Copernicus CCS,"tas, rsd, psl",,,,,,"Agriculture and food security, water resources, forestry/GHG",,,
Self-calibrating Palmer Drought Severity Index (scPDSI),dimensionless,"The Palmer Drought Severity Index (PDSI) is a measure of regional moisture availability that has been used extensively to study droughts and wet spells in the contiguous USA. The computation of the index involves a classification of relative moisture conditions within 11 categories as defined by Palmer (1965), ranging from extremely dry with PDSI, to extremely wet with PDSI values. The index is based on water supply and demand which is calculated using a water-budget system based on historic records of precipitation and temperature and the soil characteristics of the site being considered. 
The scPDSI as put forward by Wells et al. (2004) is more appropriate for geographical comparison of climates of diverse regions. Wells et al. (2004) improve the performance of the PDSI by automating the calculations Palmer made when he derived the empirical constants used in the PDSI algorithm.",Copernicus CCS,"tas, pr",,,,,,"Agriculture and food security, disaster risk reduction, water resources",,,
Huglin Index,dimensionless,"The Huglin Index is an index specifically aimed at grap growth and defined using daily averaged temperature TG_i and the daily maximum temperature TX_i for day i in the period 1 April to 30 September: K/2 * SUM((TG_i - 10) + (TX_i - 10)), where K is a daylength coefficient. The daylight coefficient is a function of the latitude of the station but a clear definition is absent. The value of K is 1 (<= 40°N) or 1.02 (40-42°N), increasing at increment of 0.01 for each 2 degrees of latitude until 50°N and reaching 1.06.",Copernicus CCS,"tas, tasmax",,,,,,Agriculture and food security,,,
altCSDI,days,"Similar to CSDI. For CSDI, the spells cannot span years, while for altCSDI the spells can span years.",ETCCDI,tasmin,,CSDI,relatedTo,,,"Health, Agriculture and Food Security, Transport, Energy, Forestry/GHG, Disaster Risk Reduction, Fisheries, Cryosphere",,,
altWSDI,days,"Similar to WSDI. For WSDI, the spells cannot span years, while for altWSDI the spells can span years.",ETCCDI,tasmax,,WSDI,relatedTo,,,"Health, Water resources, Agriculture and Food Security, Transport, Energy, Forestry/GHG, Disaster Risk Reduction, Fisheries, Cryosphere, Coasts",,,
altCDD,days/year,"Similar to CDD. For CDD, the spells can span years, while for altCDD the spells cannot span years.",ETCCDI,pr,,CDD,relatedTo,,,"Health, Agriculture and Food Security, Water Resources, Forestry/GHG, Disaster Risk Reduction",,,
altCWD,days/year,"Similar to CWD. For CWD, the spells can span years, while for altCWD the spells cannot span years.",ETCCDI,pr,,CWD,relatedTo,,,Coasts,,,